Vertical,Base URL,HTTP Method,Path,Full URL,Source,Auth,Notes
Medical Driver,/api/v1/medical-mobile/driver,DELETE,/account,/api/v1/medical-mobile/driver/account,Reused from delivery-mobile,Medical mobile auth — handler/driver role,
Medical Driver,/api/v1/medical-mobile/driver,PATCH,/account/confirm,/api/v1/medical-mobile/driver/account/confirm,Blocked on this vertical,Medical mobile auth — handler/driver role,Blocked on all new verticals
Medical Driver,/api/v1/medical-mobile/driver,GET,/account/me,/api/v1/medical-mobile/driver/account/me,Reused from delivery-mobile,Medical mobile auth — handler/driver role,
Medical Driver,/api/v1/medical-mobile/driver,GET,/account/mygrubpacs,/api/v1/medical-mobile/driver/account/mygrubpacs,Blocked on this vertical,Medical mobile auth — handler/driver role,Blocked on all new verticals
Medical Driver,/api/v1/medical-mobile/driver,PUT,/account/password,/api/v1/medical-mobile/driver/account/password,New — vertical-specific,Medical mobile auth — handler/driver role,In-app password change
Medical Driver,/api/v1/medical-mobile/driver,POST,/account/transfer-ownership,/api/v1/medical-mobile/driver/account/transfer-ownership,Blocked on this vertical,Medical mobile auth — handler/driver role,Blocked on all new verticals
Medical Driver,/api/v1/medical-mobile/driver,POST,/account/transfer-ownership/verify,/api/v1/medical-mobile/driver/account/transfer-ownership/verify,Blocked on this vertical,Medical mobile auth — handler/driver role,Blocked on all new verticals
Medical Driver,/api/v1/medical-mobile/driver,PATCH,/account/update/resend-otp,/api/v1/medical-mobile/driver/account/update/resend-otp,Blocked on this vertical,Medical mobile auth — handler/driver role,Blocked on all new verticals
Medical Driver,/api/v1/medical-mobile/driver,POST,/auth/check-account,/api/v1/medical-mobile/driver/auth/check-account,Reused from delivery-mobile,Medical mobile auth — handler/driver role,
Medical Driver,/api/v1/medical-mobile/driver,POST,/auth/forget-password/otp/resend,/api/v1/medical-mobile/driver/auth/forget-password/otp/resend,Reused from delivery-mobile,Medical mobile auth — handler/driver role,
Medical Driver,/api/v1/medical-mobile/driver,POST,/auth/forget-password/otp/send,/api/v1/medical-mobile/driver/auth/forget-password/otp/send,Reused from delivery-mobile,Medical mobile auth — handler/driver role,
Medical Driver,/api/v1/medical-mobile/driver,POST,/auth/forget-password/otp/verify,/api/v1/medical-mobile/driver/auth/forget-password/otp/verify,Reused from delivery-mobile,Medical mobile auth — handler/driver role,
Medical Driver,/api/v1/medical-mobile/driver,POST,/auth/forget-password/set-password,/api/v1/medical-mobile/driver/auth/forget-password/set-password,Reused from delivery-mobile,Medical mobile auth — handler/driver role,
Medical Driver,/api/v1/medical-mobile/driver,POST,/auth/login,/api/v1/medical-mobile/driver/auth/login,Reused from delivery-mobile,Medical mobile auth — handler/driver role,Handler role only
Medical Driver,/api/v1/medical-mobile/driver,POST,/auth/logout,/api/v1/medical-mobile/driver/auth/logout,Reused from delivery-mobile,Medical mobile auth — handler/driver role,
Medical Driver,/api/v1/medical-mobile/driver,POST,/auth/refresh,/api/v1/medical-mobile/driver/auth/refresh,Reused from delivery-mobile,Medical mobile auth — handler/driver role,
Medical Driver,/api/v1/medical-mobile/driver,POST,/auth/resend-otp,/api/v1/medical-mobile/driver/auth/resend-otp,Reused from delivery-mobile,Medical mobile auth — handler/driver role,
Medical Driver,/api/v1/medical-mobile/driver,POST,/auth/reset-password,/api/v1/medical-mobile/driver/auth/reset-password,Reused from delivery-mobile,Medical mobile auth — handler/driver role,
Medical Driver,/api/v1/medical-mobile/driver,POST,/auth/send-otp,/api/v1/medical-mobile/driver/auth/send-otp,Reused from delivery-mobile,Medical mobile auth — handler/driver role,
Medical Driver,/api/v1/medical-mobile/driver,POST,/auth/set-password,/api/v1/medical-mobile/driver/auth/set-password,Reused from delivery-mobile,Medical mobile auth — handler/driver role,
Medical Driver,/api/v1/medical-mobile/driver,POST,/auth/verify-otp,/api/v1/medical-mobile/driver/auth/verify-otp,Reused from delivery-mobile,Medical mobile auth — handler/driver role,
Medical Driver,/api/v1/medical-mobile/driver,GET,/boxes,/api/v1/medical-mobile/driver/boxes,Reused from delivery-mobile,Medical mobile auth — handler/driver role,
Medical Driver,/api/v1/medical-mobile/driver,POST,/boxes,/api/v1/medical-mobile/driver/boxes,Reused from delivery-mobile,Medical mobile auth — handler/driver role,QR register (same as Food Driver)
Medical Driver,/api/v1/medical-mobile/driver,DELETE,/boxes/:box_id,/api/v1/medical-mobile/driver/boxes/:box_id,Reused from delivery-mobile,Medical mobile auth — handler/driver role,
Medical Driver,/api/v1/medical-mobile/driver,GET,/boxes/:box_id,/api/v1/medical-mobile/driver/boxes/:box_id,Reused from delivery-mobile,Medical mobile auth — handler/driver role,
Medical Driver,/api/v1/medical-mobile/driver,GET,/boxes/:box_id/alerts,/api/v1/medical-mobile/driver/boxes/:box_id/alerts,New — vertical-specific,Medical mobile auth — handler/driver role,Medical-only: temperature/telemetry alerts
Medical Driver,/api/v1/medical-mobile/driver,DELETE,/boxes/:box_id/connection,/api/v1/medical-mobile/driver/boxes/:box_id/connection,Reused from delivery-mobile,Medical mobile auth — handler/driver role,
Medical Driver,/api/v1/medical-mobile/driver,POST,/boxes/:box_id/connection,/api/v1/medical-mobile/driver/boxes/:box_id/connection,Reused from delivery-mobile,Medical mobile auth — handler/driver role,
Medical Driver,/api/v1/medical-mobile/driver,GET,/boxes/:box_id/diagnostics,/api/v1/medical-mobile/driver/boxes/:box_id/diagnostics,New — vertical-specific,Medical mobile auth — handler/driver role,Medical-only: device diagnostics
Medical Driver,/api/v1/medical-mobile/driver,GET,/boxes/:box_id/location,/api/v1/medical-mobile/driver/boxes/:box_id/location,New — vertical-specific,Medical mobile auth — handler/driver role,Medical-only: box GPS location
Medical Driver,/api/v1/medical-mobile/driver,POST,/boxes/:box_id/location/share,/api/v1/medical-mobile/driver/boxes/:box_id/location/share,New — vertical-specific,Medical mobile auth — handler/driver role,Medical-only: share location link
Medical Driver,/api/v1/medical-mobile/driver,PATCH,/boxes/:box_id/lock,/api/v1/medical-mobile/driver/boxes/:box_id/lock,Reused from delivery-mobile,Medical mobile auth — handler/driver role,
Medical Driver,/api/v1/medical-mobile/driver,POST,/boxes/:box_id/lock/otp,/api/v1/medical-mobile/driver/boxes/:box_id/lock/otp,Reused from delivery-mobile,Medical mobile auth — handler/driver role,GrubLock OTP unlock flow
Medical Driver,/api/v1/medical-mobile/driver,POST,/boxes/:box_id/lock/verify,/api/v1/medical-mobile/driver/boxes/:box_id/lock/verify,Reused from delivery-mobile,Medical mobile auth — handler/driver role,
Medical Driver,/api/v1/medical-mobile/driver,PATCH,/boxes/:box_id/settings,/api/v1/medical-mobile/driver/boxes/:box_id/settings,Reused from delivery-mobile,Medical mobile auth — handler/driver role,
Medical Driver,/api/v1/medical-mobile/driver,GET,/config,/api/v1/medical-mobile/driver/config,Reused from delivery-mobile,Medical mobile auth — handler/driver role,
Medical Driver,/api/v1/medical-mobile/driver,GET,/dashboard,/api/v1/medical-mobile/driver/dashboard,Reused from delivery-mobile,Medical mobile auth — handler/driver role,
Medical Driver,/api/v1/medical-mobile/driver,POST,/emergency/alert,/api/v1/medical-mobile/driver/emergency/alert,New — vertical-specific,Medical mobile auth — handler/driver role,Medical-only: post emergency alert
Medical Driver,/api/v1/medical-mobile/driver,GET,/emergency/call-metadata,/api/v1/medical-mobile/driver/emergency/call-metadata,New — vertical-specific,Medical mobile auth — handler/driver role,Medical-only: emergency call UI metadata
Medical Driver,/api/v1/medical-mobile/driver,DELETE,/employee,/api/v1/medical-mobile/driver/employee,Blocked on this vertical,Medical mobile auth — handler/driver role,Exists on Food Driver but not mounted on this vertical
Medical Driver,/api/v1/medical-mobile/driver,GET,/employee,/api/v1/medical-mobile/driver/employee,Blocked on this vertical,Medical mobile auth — handler/driver role,Exists on Food Driver but not mounted on this vertical
Medical Driver,/api/v1/medical-mobile/driver,POST,/employee,/api/v1/medical-mobile/driver/employee,Blocked on this vertical,Medical mobile auth — handler/driver role,Manager feature — not in med/camp apps
Medical Driver,/api/v1/medical-mobile/driver,GET,/employee/dropdowns,/api/v1/medical-mobile/driver/employee/dropdowns,Blocked on this vertical,Medical mobile auth — handler/driver role,Exists on Food Driver but not mounted on this vertical
Medical Driver,/api/v1/medical-mobile/driver,PATCH,/employee/reactivate,/api/v1/medical-mobile/driver/employee/reactivate,Blocked on this vertical,Medical mobile auth — handler/driver role,Exists on Food Driver but not mounted on this vertical
Medical Driver,/api/v1/medical-mobile/driver,PATCH,/employee/suspend,/api/v1/medical-mobile/driver/employee/suspend,Blocked on this vertical,Medical mobile auth — handler/driver role,Exists on Food Driver but not mounted on this vertical
Medical Driver,/api/v1/medical-mobile/driver,GET,/health,/api/v1/medical-mobile/driver/health,New — vertical-specific,Medical mobile auth — handler/driver role,Vertical health probe
Medical Driver,/api/v1/medical-mobile/driver,GET,/notification,/api/v1/medical-mobile/driver/notification,Reused from delivery-mobile,Medical mobile auth — handler/driver role,
Medical Driver,/api/v1/medical-mobile/driver,PATCH,/notification,/api/v1/medical-mobile/driver/notification,Reused from delivery-mobile,Medical mobile auth — handler/driver role,
Medical Driver,/api/v1/medical-mobile/driver,POST,/notification/test-trigger,/api/v1/medical-mobile/driver/notification/test-trigger,Blocked on this vertical,Medical mobile auth — handler/driver role,Dev/test — not exposed on new verticals
Medical Driver,/api/v1/medical-mobile/driver,GET,/profile,/api/v1/medical-mobile/driver/profile,Reused from delivery-mobile,Medical mobile auth — handler/driver role,
Medical Driver,/api/v1/medical-mobile/driver,GET,/restaurant,/api/v1/medical-mobile/driver/restaurant,Blocked on this vertical,Medical mobile auth — handler/driver role,Exists on Food Driver but not mounted on this vertical
Medical Driver,/api/v1/medical-mobile/driver,POST,/restaurant,/api/v1/medical-mobile/driver/restaurant,Blocked on this vertical,Medical mobile auth — handler/driver role,Manager feature — not in med/camp apps
Medical Driver,/api/v1/medical-mobile/driver,GET,/restaurant/:id,/api/v1/medical-mobile/driver/restaurant/:id,Blocked on this vertical,Medical mobile auth — handler/driver role,Exists on Food Driver but not mounted on this vertical
Medical Driver,/api/v1/medical-mobile/driver,PUT,/restaurant/:id,/api/v1/medical-mobile/driver/restaurant/:id,Blocked on this vertical,Medical mobile auth — handler/driver role,Exists on Food Driver but not mounted on this vertical
Medical Driver,/api/v1/medical-mobile/driver,PATCH,/restaurant/resource/suspend,/api/v1/medical-mobile/driver/restaurant/resource/suspend,Blocked on this vertical,Medical mobile auth — handler/driver role,Exists on Food Driver but not mounted on this vertical
Medical Driver,/api/v1/medical-mobile/driver,PATCH,/restaurant/resource/unassign,/api/v1/medical-mobile/driver/restaurant/resource/unassign,Blocked on this vertical,Medical mobile auth — handler/driver role,Exists on Food Driver but not mounted on this vertical
Medical Driver,/api/v1/medical-mobile/driver,GET,/support/answer,/api/v1/medical-mobile/driver/support/answer,Reused from delivery-mobile,Medical mobile auth — handler/driver role,
Medical Driver,/api/v1/medical-mobile/driver,GET,/support/category,/api/v1/medical-mobile/driver/support/category,Reused from delivery-mobile,Medical mobile auth — handler/driver role,
Medical Driver,/api/v1/medical-mobile/driver,GET,/support/faq,/api/v1/medical-mobile/driver/support/faq,Reused from delivery-mobile,Medical mobile auth — handler/driver role,
Medical Owner,/api/v1/medical-mobile/owner,DELETE,/account,/api/v1/medical-mobile/owner/account,Reused from delivery-mobile,Medical mobile auth — admin + owner persona,
Medical Owner,/api/v1/medical-mobile/owner,PUT,/account,/api/v1/medical-mobile/owner/account,Reused from delivery-mobile,Medical mobile auth — admin + owner persona,Owner profile update (no OTP confirm flow)
Medical Owner,/api/v1/medical-mobile/owner,PATCH,/account/confirm,/api/v1/medical-mobile/owner/account/confirm,Blocked on this vertical,Medical mobile auth — admin + owner persona,Blocked on all new verticals
Medical Owner,/api/v1/medical-mobile/owner,GET,/account/me,/api/v1/medical-mobile/owner/account/me,Reused from delivery-mobile,Medical mobile auth — admin + owner persona,
Medical Owner,/api/v1/medical-mobile/owner,GET,/account/mygrubpacs,/api/v1/medical-mobile/owner/account/mygrubpacs,Blocked on this vertical,Medical mobile auth — admin + owner persona,Blocked on all new verticals
Medical Owner,/api/v1/medical-mobile/owner,PUT,/account/password,/api/v1/medical-mobile/owner/account/password,New — vertical-specific,Medical mobile auth — admin + owner persona,In-app password change
Medical Owner,/api/v1/medical-mobile/owner,POST,/account/transfer-ownership,/api/v1/medical-mobile/owner/account/transfer-ownership,Blocked on this vertical,Medical mobile auth — admin + owner persona,Blocked on all new verticals
Medical Owner,/api/v1/medical-mobile/owner,POST,/account/transfer-ownership/verify,/api/v1/medical-mobile/owner/account/transfer-ownership/verify,Blocked on this vertical,Medical mobile auth — admin + owner persona,Blocked on all new verticals
Medical Owner,/api/v1/medical-mobile/owner,PATCH,/account/update/resend-otp,/api/v1/medical-mobile/owner/account/update/resend-otp,Blocked on this vertical,Medical mobile auth — admin + owner persona,Blocked on all new verticals
Medical Owner,/api/v1/medical-mobile/owner,POST,/auth/check-account,/api/v1/medical-mobile/owner/auth/check-account,Reused from delivery-mobile,Medical mobile auth — admin + owner persona,
Medical Owner,/api/v1/medical-mobile/owner,POST,/auth/forget-password/otp/resend,/api/v1/medical-mobile/owner/auth/forget-password/otp/resend,Reused from delivery-mobile,Medical mobile auth — admin + owner persona,
Medical Owner,/api/v1/medical-mobile/owner,POST,/auth/forget-password/otp/send,/api/v1/medical-mobile/owner/auth/forget-password/otp/send,Reused from delivery-mobile,Medical mobile auth — admin + owner persona,
Medical Owner,/api/v1/medical-mobile/owner,POST,/auth/forget-password/otp/verify,/api/v1/medical-mobile/owner/auth/forget-password/otp/verify,Reused from delivery-mobile,Medical mobile auth — admin + owner persona,
Medical Owner,/api/v1/medical-mobile/owner,POST,/auth/forget-password/set-password,/api/v1/medical-mobile/owner/auth/forget-password/set-password,Reused from delivery-mobile,Medical mobile auth — admin + owner persona,
Medical Owner,/api/v1/medical-mobile/owner,POST,/auth/login,/api/v1/medical-mobile/owner/auth/login,Reused from delivery-mobile,Medical mobile auth — admin + owner persona,Admin role + owner persona only
Medical Owner,/api/v1/medical-mobile/owner,POST,/auth/logout,/api/v1/medical-mobile/owner/auth/logout,Reused from delivery-mobile,Medical mobile auth — admin + owner persona,
Medical Owner,/api/v1/medical-mobile/owner,POST,/auth/refresh,/api/v1/medical-mobile/owner/auth/refresh,Reused from delivery-mobile,Medical mobile auth — admin + owner persona,
Medical Owner,/api/v1/medical-mobile/owner,POST,/auth/resend-otp,/api/v1/medical-mobile/owner/auth/resend-otp,Reused from delivery-mobile,Medical mobile auth — admin + owner persona,
Medical Owner,/api/v1/medical-mobile/owner,POST,/auth/reset-password,/api/v1/medical-mobile/owner/auth/reset-password,Reused from delivery-mobile,Medical mobile auth — admin + owner persona,
Medical Owner,/api/v1/medical-mobile/owner,POST,/auth/send-otp,/api/v1/medical-mobile/owner/auth/send-otp,Reused from delivery-mobile,Medical mobile auth — admin + owner persona,
Medical Owner,/api/v1/medical-mobile/owner,POST,/auth/set-password,/api/v1/medical-mobile/owner/auth/set-password,Reused from delivery-mobile,Medical mobile auth — admin + owner persona,
Medical Owner,/api/v1/medical-mobile/owner,POST,/auth/verify-otp,/api/v1/medical-mobile/owner/auth/verify-otp,Reused from delivery-mobile,Medical mobile auth — admin + owner persona,
Medical Owner,/api/v1/medical-mobile/owner,GET,/boxes,/api/v1/medical-mobile/owner/boxes,Reused from delivery-mobile,Medical mobile auth — admin + owner persona,
Medical Owner,/api/v1/medical-mobile/owner,POST,/boxes,/api/v1/medical-mobile/owner/boxes,Blocked on this vertical,Medical mobile auth — admin + owner persona,Owner uses POST /boxes/claim instead of QR register
Medical Owner,/api/v1/medical-mobile/owner,DELETE,/boxes/:box_id,/api/v1/medical-mobile/owner/boxes/:box_id,Reused from delivery-mobile,Medical mobile auth — admin + owner persona,
Medical Owner,/api/v1/medical-mobile/owner,GET,/boxes/:box_id,/api/v1/medical-mobile/owner/boxes/:box_id,Reused from delivery-mobile,Medical mobile auth — admin + owner persona,
Medical Owner,/api/v1/medical-mobile/owner,GET,/boxes/:box_id/alerts,/api/v1/medical-mobile/owner/boxes/:box_id/alerts,New — vertical-specific,Medical mobile auth — admin + owner persona,Owner: box-scoped alerts with filters
Medical Owner,/api/v1/medical-mobile/owner,DELETE,/boxes/:box_id/connection,/api/v1/medical-mobile/owner/boxes/:box_id/connection,Reused from delivery-mobile,Medical mobile auth — admin + owner persona,
Medical Owner,/api/v1/medical-mobile/owner,POST,/boxes/:box_id/connection,/api/v1/medical-mobile/owner/boxes/:box_id/connection,Reused from delivery-mobile,Medical mobile auth — admin + owner persona,
Medical Owner,/api/v1/medical-mobile/owner,GET,/boxes/:box_id/diagnostics,/api/v1/medical-mobile/owner/boxes/:box_id/diagnostics,New — vertical-specific,Medical mobile auth — admin + owner persona,Owner: hardware diagnostics accordion
Medical Owner,/api/v1/medical-mobile/owner,GET,/boxes/:box_id/location,/api/v1/medical-mobile/owner/boxes/:box_id/location,New — vertical-specific,Medical mobile auth — admin + owner persona,
Medical Owner,/api/v1/medical-mobile/owner,POST,/boxes/:box_id/location/share,/api/v1/medical-mobile/owner/boxes/:box_id/location/share,New — vertical-specific,Medical mobile auth — admin + owner persona,Owner: share box location link
Medical Owner,/api/v1/medical-mobile/owner,PATCH,/boxes/:box_id/lock,/api/v1/medical-mobile/owner/boxes/:box_id/lock,Reused from delivery-mobile,Medical mobile auth — admin + owner persona,Direct lock/unlock — no OTP flow
Medical Owner,/api/v1/medical-mobile/owner,POST,/boxes/:box_id/lock/otp,/api/v1/medical-mobile/owner/boxes/:box_id/lock/otp,Blocked on this vertical,Medical mobile auth — admin + owner persona,Owner: no OTP lock flow
Medical Owner,/api/v1/medical-mobile/owner,POST,/boxes/:box_id/lock/verify,/api/v1/medical-mobile/owner/boxes/:box_id/lock/verify,Blocked on this vertical,Medical mobile auth — admin + owner persona,Owner: no OTP lock flow
Medical Owner,/api/v1/medical-mobile/owner,PATCH,/boxes/:box_id/settings,/api/v1/medical-mobile/owner/boxes/:box_id/settings,Reused from delivery-mobile,Medical mobile auth — admin + owner persona,
Medical Owner,/api/v1/medical-mobile/owner,POST,/boxes/claim,/api/v1/medical-mobile/owner/boxes/claim,New — vertical-specific,Medical mobile auth — admin + owner persona,Owner-only: claim pre-assigned box (no QR register)
Medical Owner,/api/v1/medical-mobile/owner,GET,/config,/api/v1/medical-mobile/owner/config,Reused from delivery-mobile,Medical mobile auth — admin + owner persona,
Medical Owner,/api/v1/medical-mobile/owner,GET,/dashboard,/api/v1/medical-mobile/owner/dashboard,Reused from delivery-mobile,Medical mobile auth — admin + owner persona,
Medical Owner,/api/v1/medical-mobile/owner,GET,/emergency/call-metadata,/api/v1/medical-mobile/owner/emergency/call-metadata,New — vertical-specific,Medical mobile auth — admin + owner persona,Facility phone from client record
Medical Owner,/api/v1/medical-mobile/owner,DELETE,/employee,/api/v1/medical-mobile/owner/employee,Blocked on this vertical,Medical mobile auth — admin + owner persona,Exists on Food Driver but not mounted on this vertical
Medical Owner,/api/v1/medical-mobile/owner,GET,/employee,/api/v1/medical-mobile/owner/employee,Blocked on this vertical,Medical mobile auth — admin + owner persona,Exists on Food Driver but not mounted on this vertical
Medical Owner,/api/v1/medical-mobile/owner,POST,/employee,/api/v1/medical-mobile/owner/employee,Blocked on this vertical,Medical mobile auth — admin + owner persona,Manager feature — not in med/camp apps
Medical Owner,/api/v1/medical-mobile/owner,GET,/employee/dropdowns,/api/v1/medical-mobile/owner/employee/dropdowns,Blocked on this vertical,Medical mobile auth — admin + owner persona,Exists on Food Driver but not mounted on this vertical
Medical Owner,/api/v1/medical-mobile/owner,PATCH,/employee/reactivate,/api/v1/medical-mobile/owner/employee/reactivate,Blocked on this vertical,Medical mobile auth — admin + owner persona,Exists on Food Driver but not mounted on this vertical
Medical Owner,/api/v1/medical-mobile/owner,PATCH,/employee/suspend,/api/v1/medical-mobile/owner/employee/suspend,Blocked on this vertical,Medical mobile auth — admin + owner persona,Exists on Food Driver but not mounted on this vertical
Medical Owner,/api/v1/medical-mobile/owner,PATCH,/grublock/emergency_unlock,/api/v1/medical-mobile/owner/grublock/emergency_unlock,New — vertical-specific,Medical mobile auth — admin + owner persona,Owner-only: emergency unlock without OTP
Medical Owner,/api/v1/medical-mobile/owner,PATCH,/grublock/lock,/api/v1/medical-mobile/owner/grublock/lock,New — vertical-specific,Medical mobile auth — admin + owner persona,Owner-only: lock GrubLock without OTP
Medical Owner,/api/v1/medical-mobile/owner,GET,/health,/api/v1/medical-mobile/owner/health,New — vertical-specific,Medical mobile auth — admin + owner persona,Vertical health probe
Medical Owner,/api/v1/medical-mobile/owner,GET,/notification,/api/v1/medical-mobile/owner/notification,Reused from delivery-mobile,Medical mobile auth — admin + owner persona,
Medical Owner,/api/v1/medical-mobile/owner,PATCH,/notification,/api/v1/medical-mobile/owner/notification,Reused from delivery-mobile,Medical mobile auth — admin + owner persona,
Medical Owner,/api/v1/medical-mobile/owner,POST,/notification/test-trigger,/api/v1/medical-mobile/owner/notification/test-trigger,Blocked on this vertical,Medical mobile auth — admin + owner persona,Dev/test — not exposed on new verticals
Medical Owner,/api/v1/medical-mobile/owner,GET,/profile,/api/v1/medical-mobile/owner/profile,Reused from delivery-mobile,Medical mobile auth — admin + owner persona,
Medical Owner,/api/v1/medical-mobile/owner,GET,/restaurant,/api/v1/medical-mobile/owner/restaurant,Blocked on this vertical,Medical mobile auth — admin + owner persona,Exists on Food Driver but not mounted on this vertical
Medical Owner,/api/v1/medical-mobile/owner,POST,/restaurant,/api/v1/medical-mobile/owner/restaurant,Blocked on this vertical,Medical mobile auth — admin + owner persona,Manager feature — not in med/camp apps
Medical Owner,/api/v1/medical-mobile/owner,GET,/restaurant/:id,/api/v1/medical-mobile/owner/restaurant/:id,Blocked on this vertical,Medical mobile auth — admin + owner persona,Exists on Food Driver but not mounted on this vertical
Medical Owner,/api/v1/medical-mobile/owner,PUT,/restaurant/:id,/api/v1/medical-mobile/owner/restaurant/:id,Blocked on this vertical,Medical mobile auth — admin + owner persona,Exists on Food Driver but not mounted on this vertical
Medical Owner,/api/v1/medical-mobile/owner,PATCH,/restaurant/resource/suspend,/api/v1/medical-mobile/owner/restaurant/resource/suspend,Blocked on this vertical,Medical mobile auth — admin + owner persona,Exists on Food Driver but not mounted on this vertical
Medical Owner,/api/v1/medical-mobile/owner,PATCH,/restaurant/resource/unassign,/api/v1/medical-mobile/owner/restaurant/resource/unassign,Blocked on this vertical,Medical mobile auth — admin + owner persona,Exists on Food Driver but not mounted on this vertical
Medical Owner,/api/v1/medical-mobile/owner,GET,/support/answer,/api/v1/medical-mobile/owner/support/answer,Reused from delivery-mobile,Medical mobile auth — admin + owner persona,
Medical Owner,/api/v1/medical-mobile/owner,GET,/support/category,/api/v1/medical-mobile/owner/support/category,Reused from delivery-mobile,Medical mobile auth — admin + owner persona,
Medical Owner,/api/v1/medical-mobile/owner,GET,/support/faq,/api/v1/medical-mobile/owner/support/faq,Reused from delivery-mobile,Medical mobile auth — admin + owner persona,
Camp Consumer,/api/v1/camp-consumer,DELETE,/account,/api/v1/camp-consumer/account,Reused from delivery-mobile,Camp consumer auth (self-serve registration),
Camp Consumer,/api/v1/camp-consumer,PUT,/account,/api/v1/camp-consumer/account,Reused from delivery-mobile,Camp consumer auth (self-serve registration),Consumer profile update
Camp Consumer,/api/v1/camp-consumer,PATCH,/account/confirm,/api/v1/camp-consumer/account/confirm,Blocked on this vertical,Camp consumer auth (self-serve registration),Blocked on all new verticals
Camp Consumer,/api/v1/camp-consumer,GET,/account/me,/api/v1/camp-consumer/account/me,Reused from delivery-mobile,Camp consumer auth (self-serve registration),
Camp Consumer,/api/v1/camp-consumer,GET,/account/mygrubpacs,/api/v1/camp-consumer/account/mygrubpacs,Blocked on this vertical,Camp consumer auth (self-serve registration),Blocked on all new verticals
Camp Consumer,/api/v1/camp-consumer,PUT,/account/password,/api/v1/camp-consumer/account/password,New — vertical-specific,Camp consumer auth (self-serve registration),Camp-only: change password in-app
Camp Consumer,/api/v1/camp-consumer,POST,/account/transfer-ownership,/api/v1/camp-consumer/account/transfer-ownership,Blocked on this vertical,Camp consumer auth (self-serve registration),Blocked on all new verticals
Camp Consumer,/api/v1/camp-consumer,POST,/account/transfer-ownership/verify,/api/v1/camp-consumer/account/transfer-ownership/verify,Blocked on this vertical,Camp consumer auth (self-serve registration),Blocked on all new verticals
Camp Consumer,/api/v1/camp-consumer,PATCH,/account/update/resend-otp,/api/v1/camp-consumer/account/update/resend-otp,Blocked on this vertical,Camp consumer auth (self-serve registration),Blocked on all new verticals
Camp Consumer,/api/v1/camp-consumer,POST,/auth/check-account,/api/v1/camp-consumer/auth/check-account,Reused from delivery-mobile,Camp consumer auth (self-serve registration),
Camp Consumer,/api/v1/camp-consumer,POST,/auth/forget-password/otp/resend,/api/v1/camp-consumer/auth/forget-password/otp/resend,Reused from delivery-mobile,Camp consumer auth (self-serve registration),
Camp Consumer,/api/v1/camp-consumer,POST,/auth/forget-password/otp/send,/api/v1/camp-consumer/auth/forget-password/otp/send,Reused from delivery-mobile,Camp consumer auth (self-serve registration),
Camp Consumer,/api/v1/camp-consumer,POST,/auth/forget-password/otp/verify,/api/v1/camp-consumer/auth/forget-password/otp/verify,Reused from delivery-mobile,Camp consumer auth (self-serve registration),
Camp Consumer,/api/v1/camp-consumer,POST,/auth/forget-password/set-password,/api/v1/camp-consumer/auth/forget-password/set-password,Reused from delivery-mobile,Camp consumer auth (self-serve registration),
Camp Consumer,/api/v1/camp-consumer,POST,/auth/login,/api/v1/camp-consumer/auth/login,Reused from delivery-mobile,Camp consumer auth (self-serve registration),Self-serve consumer registration/login
Camp Consumer,/api/v1/camp-consumer,POST,/auth/logout,/api/v1/camp-consumer/auth/logout,Reused from delivery-mobile,Camp consumer auth (self-serve registration),
Camp Consumer,/api/v1/camp-consumer,POST,/auth/refresh,/api/v1/camp-consumer/auth/refresh,Reused from delivery-mobile,Camp consumer auth (self-serve registration),
Camp Consumer,/api/v1/camp-consumer,POST,/auth/resend-otp,/api/v1/camp-consumer/auth/resend-otp,Reused from delivery-mobile,Camp consumer auth (self-serve registration),
Camp Consumer,/api/v1/camp-consumer,POST,/auth/reset-password,/api/v1/camp-consumer/auth/reset-password,Reused from delivery-mobile,Camp consumer auth (self-serve registration),
Camp Consumer,/api/v1/camp-consumer,POST,/auth/send-otp,/api/v1/camp-consumer/auth/send-otp,Reused from delivery-mobile,Camp consumer auth (self-serve registration),
Camp Consumer,/api/v1/camp-consumer,POST,/auth/set-password,/api/v1/camp-consumer/auth/set-password,Reused from delivery-mobile,Camp consumer auth (self-serve registration),
Camp Consumer,/api/v1/camp-consumer,POST,/auth/verify-otp,/api/v1/camp-consumer/auth/verify-otp,Reused from delivery-mobile,Camp consumer auth (self-serve registration),
Camp Consumer,/api/v1/camp-consumer,GET,/boxes,/api/v1/camp-consumer/boxes,Reused from delivery-mobile,Camp consumer auth (self-serve registration),
Camp Consumer,/api/v1/camp-consumer,POST,/boxes,/api/v1/camp-consumer/boxes,Reused from delivery-mobile,Camp consumer auth (self-serve registration),QR register
Camp Consumer,/api/v1/camp-consumer,DELETE,/boxes/:box_id,/api/v1/camp-consumer/boxes/:box_id,Reused from delivery-mobile,Camp consumer auth (self-serve registration),
Camp Consumer,/api/v1/camp-consumer,GET,/boxes/:box_id,/api/v1/camp-consumer/boxes/:box_id,Reused from delivery-mobile,Camp consumer auth (self-serve registration),
Camp Consumer,/api/v1/camp-consumer,GET,/boxes/:box_id/alerts,/api/v1/camp-consumer/boxes/:box_id/alerts,New — vertical-specific,Camp consumer auth (self-serve registration),Camp-only: alert thresholds/status
Camp Consumer,/api/v1/camp-consumer,PATCH,/boxes/:box_id/alerts,/api/v1/camp-consumer/boxes/:box_id/alerts,New — vertical-specific,Camp consumer auth (self-serve registration),Camp-only: configure alert settings
Camp Consumer,/api/v1/camp-consumer,GET,/boxes/:box_id/camera/feeds,/api/v1/camp-consumer/boxes/:box_id/camera/feeds,New — vertical-specific,Camp consumer auth (self-serve registration),Camp-only: list camera feeds
Camp Consumer,/api/v1/camp-consumer,GET,/boxes/:box_id/camera/feeds/:feed_id/stream,/api/v1/camp-consumer/boxes/:box_id/camera/feeds/:feed_id/stream,New — vertical-specific,Camp consumer auth (self-serve registration),Camp-only: stream URL/token
Camp Consumer,/api/v1/camp-consumer,POST,/boxes/:box_id/camera/feeds/register,/api/v1/camp-consumer/boxes/:box_id/camera/feeds/register,New — vertical-specific,Camp consumer auth (self-serve registration),Camp-only: register recording after S3 upload
Camp Consumer,/api/v1/camp-consumer,GET,/boxes/:box_id/camera/live,/api/v1/camp-consumer/boxes/:box_id/camera/live,New — vertical-specific,Camp consumer auth (self-serve registration),Camp-only: live camera HLS (client-scoped S3)
Camp Consumer,/api/v1/camp-consumer,PATCH,/boxes/:box_id/camera/surveillance-mode,/api/v1/camp-consumer/boxes/:box_id/camera/surveillance-mode,New — vertical-specific,Camp consumer auth (self-serve registration),Camp-only: toggle surveillance mode
Camp Consumer,/api/v1/camp-consumer,POST,/boxes/:box_id/camera/upload-url,/api/v1/camp-consumer/boxes/:box_id/camera/upload-url,New — vertical-specific,Camp consumer auth (self-serve registration),Camp-only: presigned PUT for box/device ingest
Camp Consumer,/api/v1/camp-consumer,DELETE,/boxes/:box_id/connection,/api/v1/camp-consumer/boxes/:box_id/connection,Reused from delivery-mobile,Camp consumer auth (self-serve registration),
Camp Consumer,/api/v1/camp-consumer,POST,/boxes/:box_id/connection,/api/v1/camp-consumer/boxes/:box_id/connection,Reused from delivery-mobile,Camp consumer auth (self-serve registration),
Camp Consumer,/api/v1/camp-consumer,PATCH,/boxes/:box_id/lock,/api/v1/camp-consumer/boxes/:box_id/lock,Reused from delivery-mobile,Camp consumer auth (self-serve registration),
Camp Consumer,/api/v1/camp-consumer,POST,/boxes/:box_id/lock/otp,/api/v1/camp-consumer/boxes/:box_id/lock/otp,Reused from delivery-mobile,Camp consumer auth (self-serve registration),GrubLock OTP unlock flow
Camp Consumer,/api/v1/camp-consumer,POST,/boxes/:box_id/lock/verify,/api/v1/camp-consumer/boxes/:box_id/lock/verify,Reused from delivery-mobile,Camp consumer auth (self-serve registration),
Camp Consumer,/api/v1/camp-consumer,PATCH,/boxes/:box_id/settings,/api/v1/camp-consumer/boxes/:box_id/settings,Reused from delivery-mobile,Camp consumer auth (self-serve registration),
Camp Consumer,/api/v1/camp-consumer,GET,/config,/api/v1/camp-consumer/config,Reused from delivery-mobile,Camp consumer auth (self-serve registration),
Camp Consumer,/api/v1/camp-consumer,GET,/dashboard,/api/v1/camp-consumer/dashboard,Reused from delivery-mobile,Camp consumer auth (self-serve registration),
Camp Consumer,/api/v1/camp-consumer,DELETE,/employee,/api/v1/camp-consumer/employee,Blocked on this vertical,Camp consumer auth (self-serve registration),Exists on Food Driver but not mounted on this vertical
Camp Consumer,/api/v1/camp-consumer,GET,/employee,/api/v1/camp-consumer/employee,Blocked on this vertical,Camp consumer auth (self-serve registration),Exists on Food Driver but not mounted on this vertical
Camp Consumer,/api/v1/camp-consumer,POST,/employee,/api/v1/camp-consumer/employee,Blocked on this vertical,Camp consumer auth (self-serve registration),Manager feature — not in med/camp apps
Camp Consumer,/api/v1/camp-consumer,GET,/employee/dropdowns,/api/v1/camp-consumer/employee/dropdowns,Blocked on this vertical,Camp consumer auth (self-serve registration),Exists on Food Driver but not mounted on this vertical
Camp Consumer,/api/v1/camp-consumer,PATCH,/employee/reactivate,/api/v1/camp-consumer/employee/reactivate,Blocked on this vertical,Camp consumer auth (self-serve registration),Exists on Food Driver but not mounted on this vertical
Camp Consumer,/api/v1/camp-consumer,PATCH,/employee/suspend,/api/v1/camp-consumer/employee/suspend,Blocked on this vertical,Camp consumer auth (self-serve registration),Exists on Food Driver but not mounted on this vertical
Camp Consumer,/api/v1/camp-consumer,GET,/health,/api/v1/camp-consumer/health,New — vertical-specific,Camp consumer auth (self-serve registration),Vertical health probe
Camp Consumer,/api/v1/camp-consumer,GET,/notification,/api/v1/camp-consumer/notification,Reused from delivery-mobile,Camp consumer auth (self-serve registration),
Camp Consumer,/api/v1/camp-consumer,PATCH,/notification,/api/v1/camp-consumer/notification,Reused from delivery-mobile,Camp consumer auth (self-serve registration),
Camp Consumer,/api/v1/camp-consumer,POST,/notification/test-trigger,/api/v1/camp-consumer/notification/test-trigger,Blocked on this vertical,Camp consumer auth (self-serve registration),Dev/test — not exposed on new verticals
Camp Consumer,/api/v1/camp-consumer,GET,/profile,/api/v1/camp-consumer/profile,Reused from delivery-mobile,Camp consumer auth (self-serve registration),
Camp Consumer,/api/v1/camp-consumer,GET,/restaurant,/api/v1/camp-consumer/restaurant,Blocked on this vertical,Camp consumer auth (self-serve registration),Exists on Food Driver but not mounted on this vertical
Camp Consumer,/api/v1/camp-consumer,POST,/restaurant,/api/v1/camp-consumer/restaurant,Blocked on this vertical,Camp consumer auth (self-serve registration),Manager feature — not in med/camp apps
Camp Consumer,/api/v1/camp-consumer,GET,/restaurant/:id,/api/v1/camp-consumer/restaurant/:id,Blocked on this vertical,Camp consumer auth (self-serve registration),Exists on Food Driver but not mounted on this vertical
Camp Consumer,/api/v1/camp-consumer,PUT,/restaurant/:id,/api/v1/camp-consumer/restaurant/:id,Blocked on this vertical,Camp consumer auth (self-serve registration),Exists on Food Driver but not mounted on this vertical
Camp Consumer,/api/v1/camp-consumer,PATCH,/restaurant/resource/suspend,/api/v1/camp-consumer/restaurant/resource/suspend,Blocked on this vertical,Camp consumer auth (self-serve registration),Exists on Food Driver but not mounted on this vertical
Camp Consumer,/api/v1/camp-consumer,PATCH,/restaurant/resource/unassign,/api/v1/camp-consumer/restaurant/resource/unassign,Blocked on this vertical,Camp consumer auth (self-serve registration),Exists on Food Driver but not mounted on this vertical
Camp Consumer,/api/v1/camp-consumer,GET,/support/answer,/api/v1/camp-consumer/support/answer,Reused from delivery-mobile,Camp consumer auth (self-serve registration),
Camp Consumer,/api/v1/camp-consumer,GET,/support/category,/api/v1/camp-consumer/support/category,Reused from delivery-mobile,Camp consumer auth (self-serve registration),
Camp Consumer,/api/v1/camp-consumer,GET,/support/faq,/api/v1/camp-consumer/support/faq,Reused from delivery-mobile,Camp consumer auth (self-serve registration),
Food Driver,/api/v1/delivery-mobile,POST,/auth/login,/api/v1/delivery-mobile/auth/login,Baseline (Food Driver),Delivery mobile auth (JWT),Rate-limited auth endpoints
Food Driver,/api/v1/delivery-mobile,POST,/auth/send-otp,/api/v1/delivery-mobile/auth/send-otp,Baseline (Food Driver),Delivery mobile auth (JWT),
Food Driver,/api/v1/delivery-mobile,POST,/auth/verify-otp,/api/v1/delivery-mobile/auth/verify-otp,Baseline (Food Driver),Delivery mobile auth (JWT),
Food Driver,/api/v1/delivery-mobile,POST,/auth/resend-otp,/api/v1/delivery-mobile/auth/resend-otp,Baseline (Food Driver),Delivery mobile auth (JWT),Same handler as send-otp
Food Driver,/api/v1/delivery-mobile,POST,/auth/forget-password/otp/send,/api/v1/delivery-mobile/auth/forget-password/otp/send,Baseline (Food Driver),Delivery mobile auth (JWT),
Food Driver,/api/v1/delivery-mobile,POST,/auth/forget-password/otp/verify,/api/v1/delivery-mobile/auth/forget-password/otp/verify,Baseline (Food Driver),Delivery mobile auth (JWT),
Food Driver,/api/v1/delivery-mobile,POST,/auth/forget-password/set-password,/api/v1/delivery-mobile/auth/forget-password/set-password,Baseline (Food Driver),Delivery mobile auth (JWT),
Food Driver,/api/v1/delivery-mobile,POST,/auth/set-password,/api/v1/delivery-mobile/auth/set-password,Baseline (Food Driver),Delivery mobile auth (JWT),
Food Driver,/api/v1/delivery-mobile,POST,/auth/forget-password/otp/resend,/api/v1/delivery-mobile/auth/forget-password/otp/resend,Baseline (Food Driver),Delivery mobile auth (JWT),Same handler as forget-password send
Food Driver,/api/v1/delivery-mobile,POST,/auth/reset-password,/api/v1/delivery-mobile/auth/reset-password,Baseline (Food Driver),Delivery mobile auth (JWT),
Food Driver,/api/v1/delivery-mobile,POST,/auth/check-account,/api/v1/delivery-mobile/auth/check-account,Baseline (Food Driver),Delivery mobile auth (JWT),
Food Driver,/api/v1/delivery-mobile,POST,/auth/logout,/api/v1/delivery-mobile/auth/logout,Baseline (Food Driver),Delivery mobile auth (JWT),
Food Driver,/api/v1/delivery-mobile,POST,/auth/refresh,/api/v1/delivery-mobile/auth/refresh,Baseline (Food Driver),Delivery mobile auth (JWT),
Food Driver,/api/v1/delivery-mobile,GET,/account/me,/api/v1/delivery-mobile/account/me,Baseline (Food Driver),Delivery mobile auth (JWT),
Food Driver,/api/v1/delivery-mobile,GET,/profile,/api/v1/delivery-mobile/profile,Baseline (Food Driver),Delivery mobile auth (JWT),Alias for account/me
Food Driver,/api/v1/delivery-mobile,PUT,/account,/api/v1/delivery-mobile/account,Baseline (Food Driver),Delivery mobile auth (JWT),Triggers OTP confirm flow via separate endpoints
Food Driver,/api/v1/delivery-mobile,PATCH,/account/update/resend-otp,/api/v1/delivery-mobile/account/update/resend-otp,Baseline (Food Driver),Delivery mobile auth (JWT),Sensitive OTP rate limit
Food Driver,/api/v1/delivery-mobile,PATCH,/account/confirm,/api/v1/delivery-mobile/account/confirm,Baseline (Food Driver),Delivery mobile auth (JWT),Sensitive OTP rate limit
Food Driver,/api/v1/delivery-mobile,POST,/account/transfer-ownership,/api/v1/delivery-mobile/account/transfer-ownership,Baseline (Food Driver),Delivery mobile auth (JWT),
Food Driver,/api/v1/delivery-mobile,POST,/account/transfer-ownership/verify,/api/v1/delivery-mobile/account/transfer-ownership/verify,Baseline (Food Driver),Delivery mobile auth (JWT),Sensitive OTP rate limit
Food Driver,/api/v1/delivery-mobile,GET,/account/mygrubpacs,/api/v1/delivery-mobile/account/mygrubpacs,Baseline (Food Driver),Delivery mobile auth (JWT),
Food Driver,/api/v1/delivery-mobile,DELETE,/account,/api/v1/delivery-mobile/account,Baseline (Food Driver),Delivery mobile auth (JWT),
Food Driver,/api/v1/delivery-mobile,GET,/dashboard,/api/v1/delivery-mobile/dashboard,Baseline (Food Driver),Delivery mobile auth (JWT),
Food Driver,/api/v1/delivery-mobile,GET,/support/category,/api/v1/delivery-mobile/support/category,Baseline (Food Driver),Delivery mobile auth (JWT),
Food Driver,/api/v1/delivery-mobile,GET,/support/faq,/api/v1/delivery-mobile/support/faq,Baseline (Food Driver),Delivery mobile auth (JWT),
Food Driver,/api/v1/delivery-mobile,GET,/support/answer,/api/v1/delivery-mobile/support/answer,Baseline (Food Driver),Delivery mobile auth (JWT),
Food Driver,/api/v1/delivery-mobile,POST,/employee,/api/v1/delivery-mobile/employee,Baseline (Food Driver),Delivery mobile auth (JWT),Manager-only employee management
Food Driver,/api/v1/delivery-mobile,GET,/employee,/api/v1/delivery-mobile/employee,Baseline (Food Driver),Delivery mobile auth (JWT),
Food Driver,/api/v1/delivery-mobile,GET,/employee/dropdowns,/api/v1/delivery-mobile/employee/dropdowns,Baseline (Food Driver),Delivery mobile auth (JWT),
Food Driver,/api/v1/delivery-mobile,PATCH,/employee/suspend,/api/v1/delivery-mobile/employee/suspend,Baseline (Food Driver),Delivery mobile auth (JWT),
Food Driver,/api/v1/delivery-mobile,PATCH,/employee/reactivate,/api/v1/delivery-mobile/employee/reactivate,Baseline (Food Driver),Delivery mobile auth (JWT),
Food Driver,/api/v1/delivery-mobile,DELETE,/employee,/api/v1/delivery-mobile/employee,Baseline (Food Driver),Delivery mobile auth (JWT),
Food Driver,/api/v1/delivery-mobile,POST,/restaurant,/api/v1/delivery-mobile/restaurant,Baseline (Food Driver),Delivery mobile auth (JWT),Manager-only restaurant management
Food Driver,/api/v1/delivery-mobile,GET,/restaurant,/api/v1/delivery-mobile/restaurant,Baseline (Food Driver),Delivery mobile auth (JWT),
Food Driver,/api/v1/delivery-mobile,PATCH,/restaurant/resource/unassign,/api/v1/delivery-mobile/restaurant/resource/unassign,Baseline (Food Driver),Delivery mobile auth (JWT),
Food Driver,/api/v1/delivery-mobile,PATCH,/restaurant/resource/suspend,/api/v1/delivery-mobile/restaurant/resource/suspend,Baseline (Food Driver),Delivery mobile auth (JWT),
Food Driver,/api/v1/delivery-mobile,GET,/restaurant/:id,/api/v1/delivery-mobile/restaurant/:id,Baseline (Food Driver),Delivery mobile auth (JWT),
Food Driver,/api/v1/delivery-mobile,PUT,/restaurant/:id,/api/v1/delivery-mobile/restaurant/:id,Baseline (Food Driver),Delivery mobile auth (JWT),
Food Driver,/api/v1/delivery-mobile,GET,/config,/api/v1/delivery-mobile/config,Baseline (Food Driver),Delivery mobile auth (JWT),Public config (no auth)
Food Driver,/api/v1/delivery-mobile,GET,/boxes,/api/v1/delivery-mobile/boxes,Baseline (Food Driver),Delivery mobile auth (JWT),
Food Driver,/api/v1/delivery-mobile,POST,/boxes,/api/v1/delivery-mobile/boxes,Baseline (Food Driver),Delivery mobile auth (JWT),QR register / add box
Food Driver,/api/v1/delivery-mobile,GET,/boxes/:box_id,/api/v1/delivery-mobile/boxes/:box_id,Baseline (Food Driver),Delivery mobile auth (JWT),
Food Driver,/api/v1/delivery-mobile,DELETE,/boxes/:box_id,/api/v1/delivery-mobile/boxes/:box_id,Baseline (Food Driver),Delivery mobile auth (JWT),
Food Driver,/api/v1/delivery-mobile,PATCH,/boxes/:box_id/settings,/api/v1/delivery-mobile/boxes/:box_id/settings,Baseline (Food Driver),Delivery mobile auth (JWT),
Food Driver,/api/v1/delivery-mobile,POST,/boxes/:box_id/connection,/api/v1/delivery-mobile/boxes/:box_id/connection,Baseline (Food Driver),Delivery mobile auth (JWT),
Food Driver,/api/v1/delivery-mobile,DELETE,/boxes/:box_id/connection,/api/v1/delivery-mobile/boxes/:box_id/connection,Baseline (Food Driver),Delivery mobile auth (JWT),
Food Driver,/api/v1/delivery-mobile,POST,/boxes/:box_id/lock/otp,/api/v1/delivery-mobile/boxes/:box_id/lock/otp,Baseline (Food Driver),Delivery mobile auth (JWT),GrubLock OTP request; sensitive OTP rate limit
Food Driver,/api/v1/delivery-mobile,POST,/boxes/:box_id/lock/verify,/api/v1/delivery-mobile/boxes/:box_id/lock/verify,Baseline (Food Driver),Delivery mobile auth (JWT),GrubLock OTP verify + unlock; sensitive OTP rate limit
Food Driver,/api/v1/delivery-mobile,PATCH,/boxes/:box_id/lock,/api/v1/delivery-mobile/boxes/:box_id/lock,Baseline (Food Driver),Delivery mobile auth (JWT),GrubLock lock/unlock toggle after OTP verify
Food Driver,/api/v1/delivery-mobile,GET,/notification,/api/v1/delivery-mobile/notification,Baseline (Food Driver),Delivery mobile auth (JWT),
Food Driver,/api/v1/delivery-mobile,PATCH,/notification,/api/v1/delivery-mobile/notification,Baseline (Food Driver),Delivery mobile auth (JWT),Mark read / dismiss
Food Driver,/api/v1/delivery-mobile,POST,/notification/test-trigger,/api/v1/delivery-mobile/notification/test-trigger,Baseline (Food Driver),Delivery mobile auth (JWT),Dev/test only
